account_id,company_name,industry,rep_id
ACC0001,"Brooks, Lam and Hayes",Technology,REP039
ACC0002,Walker LLC,Healthcare,REP032
ACC0003,Chapman and Sons,Retail,REP037
ACC0004,"Robinson, Jones and Welch",Technology,REP045
ACC0005,Jones Inc,Healthcare,REP029
ACC0006,Jones-Young,Technology,REP032
ACC0007,"Washington, Ryan and Cummings",Healthcare,REP022
ACC0008,"Johnston, Sanchez and Kennedy",Media & Entertainment,REP042
ACC0009,Lee-Davis,Manufacturing,REP006
ACC0010,Gomez-Jenkins,Healthcare,REP044
ACC0011,"Brown, Valdez and Lucas",Technology,REP030
ACC0012,Powell LLC,Media & Entertainment,REP028
ACC0013,Wright and Sons,Financial Services,REP033
ACC0014,"West, Henderson and Ramirez",Financial Services,REP027
ACC0015,Baxter Inc,Financial Services,REP013
ACC0016,Morton-Chase,Media & Entertainment,REP039
ACC0017,Williams PLC,Technology,REP027
ACC0018,Novak and Sons,Financial Services,REP037
ACC0019,Russell Group,Retail,REP042
ACC0020,Hancock Inc,Financial Services,REP015
ACC0021,Gray Group,Technology,REP032
ACC0022,House-Glover,Healthcare,REP041
ACC0023,Henderson-Bernard,Financial Services,REP049
ACC0024,"Stanley, Tucker and Lee",Financial Services,REP012
ACC0025,Novak PLC,Financial Services,REP002
ACC0026,"Daniels, Adkins and Brown",Retail,REP037
ACC0027,"Woods, Calhoun and Schmidt",Financial Services,REP017
ACC0028,Yu Inc,Financial Services,REP002
ACC0029,Jones Inc 2,Healthcare,REP023
ACC0030,"Hensley, Powell and David",Financial Services,REP033
ACC0031,"Sanchez, Wheeler and Harvey",Retail,REP002
ACC0032,Sandoval-Cunningham,Healthcare,REP026
ACC0033,Donovan-Harris,Government,REP032
ACC0034,"Edwards, Baker and Anderson",Healthcare,REP011
ACC0035,"Evans, Stewart and Walton",Financial Services,REP017
ACC0036,Smith PLC,Manufacturing,REP024
ACC0037,"Ferrell, Jones and Lewis",Healthcare,REP034
ACC0038,Anderson-Bailey,Retail,REP011
ACC0039,Suarez LLC,Manufacturing,REP016
ACC0040,Moore-Bass,Media & Entertainment,REP006
ACC0041,"Turner, Riggs and Roman",Retail,REP003
ACC0042,"Smith, Montoya and Evans",Healthcare,REP036
ACC0043,"Garcia, Humphrey and Baker",Technology,REP003
ACC0044,Newton and Sons,Manufacturing,REP020
ACC0045,Campbell-Clark,Retail,REP041
ACC0046,Harris-Walters,Retail,REP039
ACC0047,Wagner-King,Energy,REP001
ACC0048,Davis Group,Retail,REP025
ACC0049,Williams-Cook,Technology,REP031
ACC0050,Walsh LLC,Media & Entertainment,REP035
ACC0051,Figueroa PLC,Technology,REP016
ACC0052,"Patterson, Smith and Jones",Manufacturing,REP049
ACC0053,"Mckee, Gardner and Davenport",Technology,REP048
ACC0054,"Tran, Jordan and Williams",Government,REP005
ACC0055,Nolan-Flynn,Energy,REP009
ACC0056,Nolan and Sons,Financial Services,REP019
ACC0057,"Wright, Garcia and Deleon",Manufacturing,REP003
ACC0058,Dickson-Brady,Media & Entertainment,REP033
ACC0059,Hancock and Sons,Retail,REP011
ACC0060,Johnson-Doyle,Energy,REP036
ACC0061,Patton-Jenkins,Media & Entertainment,REP020
ACC0062,"Shields, Cochran and Adams",Healthcare,REP048
ACC0063,"Rodriguez, Brennan and Garrison",Technology,REP035
ACC0064,Gonzalez Group,Government,REP018
ACC0065,Torres-Pope,Technology,REP018
ACC0066,Walker Ltd,Healthcare,REP035
ACC0067,Ross LLC,Retail,REP041
ACC0068,Rasmussen LLC,Technology,REP004
ACC0069,May-Ross,Technology,REP021
ACC0070,"Rivera, Johnson and Wiley",Technology,REP008
ACC0071,White-Estes,Media & Entertainment,REP017
ACC0072,Johnson-Carlson,Financial Services,REP048
ACC0073,Chandler-Edwards,Technology,REP022
ACC0074,"Joyce, Wilson and Lam",Financial Services,REP046
ACC0075,Scott Ltd,Healthcare,REP038
ACC0076,Smith-Frost,Financial Services,REP008
ACC0077,"Mcdaniel, Bentley and Mclaughlin",Retail,REP034
ACC0078,Diaz Inc,Financial Services,REP033
ACC0079,"Mccall, Hanson and Alvarado",Healthcare,REP033
ACC0080,Cortez LLC,Technology,REP048
ACC0081,"Parker, Ortiz and Powell",Financial Services,REP035
ACC0082,Spencer-Lee,Manufacturing,REP017
ACC0083,"Bentley, Byrd and Orr",Government,REP030
ACC0084,"Carroll, Sullivan and Bass",Energy,REP006
ACC0085,Mitchell-Jordan,Financial Services,REP041
ACC0086,"Lawson, Morris and Ramos",Energy,REP029
ACC0087,"Lewis, Kennedy and Santana",Financial Services,REP031
ACC0088,"Jackson, Miller and Robertson",Government,REP033
ACC0089,"Harvey, Davis and Crane",Technology,REP021
ACC0090,Chambers and Sons,Technology,REP033
ACC0091,Hernandez Inc,Financial Services,REP018
ACC0092,Riggs PLC,Healthcare,REP031
ACC0093,Gibson Ltd,Media & Entertainment,REP003
ACC0094,"Lee, Horton and Snyder",Healthcare,REP024
ACC0095,Hernandez Ltd,Technology,REP047
ACC0096,Stafford Inc,Government,REP002
ACC0097,Robinson-Brock,Financial Services,REP042
ACC0098,"Holmes, Williams and Wright",Media & Entertainment,REP017
ACC0099,Bryant Group,Media & Entertainment,REP009
ACC0100,"Schmidt, Hansen and Stewart",Retail,REP048
ACC0101,Salazar-Ball,Healthcare,REP042
ACC0102,"Simmons, Meadows and Griffin",Manufacturing,REP035
ACC0103,Manning Group,Financial Services,REP024
ACC0104,Green-Wright,Energy,REP007
ACC0105,"Ramirez, Strickland and Washington",Healthcare,REP045
ACC0106,Hill Inc,Technology,REP008
ACC0107,"Mitchell, Nelson and Flores",Retail,REP016
ACC0108,"Miller, Hernandez and Reyes",Technology,REP023
ACC0109,Mccarthy Inc,Technology,REP034
ACC0110,Russell-Daniels,Technology,REP023
ACC0111,Brown-Wall,Retail,REP025
ACC0112,Stein-Silva,Technology,REP022
ACC0113,"Smith, Gilmore and Johnston",Healthcare,REP022
ACC0114,Smith-Bell,Financial Services,REP042
ACC0115,Castaneda-Ashley,Media & Entertainment,REP043
ACC0116,Medina-Navarro,Technology,REP033
ACC0117,"Hurst, Freeman and Nelson",Media & Entertainment,REP044
ACC0118,Johnson-Rogers,Government,REP039
ACC0119,"Yates, Ramsey and Pittman",Technology,REP045
ACC0120,Hooper PLC,Technology,REP030
ACC0121,Meadows PLC,Healthcare,REP040
ACC0122,"Alvarado, Miller and Patterson",Manufacturing,REP013
ACC0123,White-Green,Government,REP042
ACC0124,Lewis-Murphy,Financial Services,REP017
ACC0125,Ramirez-Bean,Financial Services,REP019
ACC0126,King-Miller,Financial Services,REP026
ACC0127,Curry Inc,Technology,REP023
ACC0128,Walker-Jones,Financial Services,REP012
ACC0129,"Williams, Johnson and Wright",Financial Services,REP001
ACC0130,Howell and Sons,Financial Services,REP032
ACC0131,Wells Inc,Healthcare,REP048
ACC0132,"Gould, Marshall and Scott",Technology,REP045
ACC0133,Jackson-Lawson,Financial Services,REP016
ACC0134,"Higgins, Strickland and Martin",Healthcare,REP005
ACC0135,Rodriguez-Johnson,Retail,REP003
ACC0136,Johnston-Odonnell,Technology,REP016
ACC0137,Sanders-Espinoza,Technology,REP022
ACC0138,Vargas Ltd,Technology,REP014
ACC0139,Garcia LLC,Technology,REP047
ACC0140,"Burke, Martinez and Riggs",Technology,REP046
ACC0141,Reed Group,Government,REP005
ACC0142,"Wood, Hunter and Peterson",Healthcare,REP026
ACC0143,Short-Garcia,Manufacturing,REP021
ACC0144,Reid-Poole,Healthcare,REP033
ACC0145,"Hernandez, Thompson and Boyd",Healthcare,REP037
ACC0146,"Nelson, Morton and Medina",Financial Services,REP010
ACC0147,Marshall-Petersen,Energy,REP036
ACC0148,"Adams, Christian and Rivas",Technology,REP031
ACC0149,Ramirez Group,Technology,REP019
ACC0150,Christensen PLC,Healthcare,REP001
ACC0151,"Barnett, Rogers and Snyder",Healthcare,REP045
ACC0152,White-Lewis,Technology,REP024
ACC0153,Peterson-Beard,Energy,REP002
ACC0154,"Beard, Peters and Black",Technology,REP032
ACC0155,Miller Ltd,Energy,REP024
ACC0156,Freeman-Chang,Retail,REP035
ACC0157,"Alvarez, Joseph and West",Retail,REP033
ACC0158,Davis and Sons,Manufacturing,REP043
ACC0159,Holt-Torres,Energy,REP003
ACC0160,"Wood, Tran and Cooper",Media & Entertainment,REP040
ACC0161,"Pierce, Bell and Chavez",Energy,REP044
ACC0162,King-Martinez,Financial Services,REP012
ACC0163,Stewart Ltd,Technology,REP002
ACC0164,"Tapia, Vaughn and Lee",Technology,REP050
ACC0165,"Washington, Hardy and Bray",Retail,REP017
ACC0166,"Carlson, Hooper and Wall",Retail,REP029
ACC0167,Perez-White,Media & Entertainment,REP026
ACC0168,Erickson and Sons,Financial Services,REP041
ACC0169,Williams-Brown,Healthcare,REP050
ACC0170,Terry-Martinez,Retail,REP029
ACC0171,Garcia-Smith,Technology,REP025
ACC0172,Harrison-Alexander,Manufacturing,REP036
ACC0173,Sheppard LLC,Technology,REP009
ACC0174,Wilson-Jones,Healthcare,REP035
ACC0175,Jones-Soto,Government,REP048
ACC0176,Hernandez PLC,Technology,REP049
ACC0177,Miller-Wright,Manufacturing,REP024
ACC0178,"Duran, Obrien and Gibbs",Media & Entertainment,REP032
ACC0179,Rowe Group,Media & Entertainment,REP049
ACC0180,Kerr-Evans,Retail,REP023
ACC0181,"Branch, Torres and Oliver",Manufacturing,REP041
ACC0182,"Choi, Garcia and Farmer",Financial Services,REP049
ACC0183,"Clark, Guerrero and Moore",Healthcare,REP048
ACC0184,Arnold and Sons,Financial Services,REP013
ACC0185,Ortiz Ltd,Media & Entertainment,REP049
ACC0186,"Harrison, Johnson and Roberts",Technology,REP041
ACC0187,Warner-Gibson,Media & Entertainment,REP009
ACC0188,"Hall, Baker and Moody",Financial Services,REP014
ACC0189,"Guerrero, Peck and Coleman",Retail,REP019
ACC0190,"Walker, Hernandez and Baker",Healthcare,REP016
ACC0191,Jones and Sons,Financial Services,REP035
ACC0192,Larson-Holloway,Retail,REP021
ACC0193,Gonzales-Harrison,Manufacturing,REP023
ACC0194,Lyons-Bender,Manufacturing,REP039
ACC0195,"Fernandez, Kim and George",Technology,REP042
ACC0196,Navarro-Munoz,Government,REP014
ACC0197,Davis Ltd,Healthcare,REP005
ACC0198,"Matthews, Smith and Hubbard",Manufacturing,REP029
ACC0199,Johnston-Hines,Financial Services,REP018
ACC0200,Ruiz Ltd,Government,REP009
ACC0201,Moon-White,Manufacturing,REP044
ACC0202,"Graham, Olsen and Costa",Media & Entertainment,REP038
ACC0203,Bailey-Cook,Technology,REP013
ACC0204,"Garcia, Martin and Jenkins",Technology,REP009
ACC0205,Roberts-Landry,Media & Entertainment,REP002
ACC0206,"Johnson, Miller and King",Technology,REP037
ACC0207,Cordova Group,Technology,REP008
ACC0208,"Bryan, Smith and Booth",Financial Services,REP001
ACC0209,Gutierrez-Lopez,Media & Entertainment,REP017
ACC0210,Dean-Jimenez,Energy,REP025
ACC0211,Wolf-Harris,Healthcare,REP036
ACC0212,"Anderson, Roberts and Gilmore",Financial Services,REP031
ACC0213,Martinez-Dudley,Healthcare,REP044
ACC0214,"Lloyd, Mckinney and Collins",Healthcare,REP027
ACC0215,Tran Inc,Technology,REP019
ACC0216,Gay Inc,Technology,REP003
ACC0217,Valentine-Holland,Financial Services,REP050
ACC0218,Jimenez Ltd,Healthcare,REP020
ACC0219,Hicks-Hill,Technology,REP041
ACC0220,Baird-Sanchez,Manufacturing,REP003
ACC0221,"Thomas, Lee and Greene",Healthcare,REP049
ACC0222,"Suarez, Shields and Hill",Technology,REP033
ACC0223,Morgan-French,Technology,REP006
ACC0224,Hoover-Campbell,Manufacturing,REP045
ACC0225,Monroe-Carpenter,Government,REP047
ACC0226,"Burns, Hernandez and Ryan",Media & Entertainment,REP021
ACC0227,Cook-Hines,Government,REP037
ACC0228,Gibson-Morris,Financial Services,REP019
ACC0229,Pollard and Sons,Government,REP018
ACC0230,"Reyes, Chase and Jenkins",Technology,REP049
ACC0231,Garner-Thornton,Retail,REP031
ACC0232,Hughes-Alvarado,Government,REP003
ACC0233,"Pollard, Simpson and Johnson",Energy,REP011
ACC0234,"Sanford, Rivera and Garcia",Financial Services,REP032
ACC0235,Garcia-Lozano,Technology,REP038
ACC0236,Bowen Group,Healthcare,REP028
ACC0237,"Booker, Jones and Harrington",Financial Services,REP028
ACC0238,Morgan-Schwartz,Retail,REP008
ACC0239,"Miller, Murphy and Craig",Financial Services,REP050
ACC0240,"James, Stewart and Higgins",Financial Services,REP037
ACC0241,Brennan-Johnson,Government,REP027
ACC0242,Young Ltd,Retail,REP017
ACC0243,Bright-Francis,Financial Services,REP020
ACC0244,Good-Hodges,Retail,REP048
ACC0245,"Brennan, Wallace and Benson",Technology,REP046
ACC0246,Williams Inc,Technology,REP006
ACC0247,Howard-Jordan,Energy,REP005
ACC0248,Schmidt PLC,Retail,REP002
ACC0249,"Sparks, Jackson and Miller",Technology,REP030
ACC0250,Harvey-Allen,Media & Entertainment,REP045
ACC0251,"Thomas, Murray and King",Technology,REP033
ACC0252,Estrada-Nolan,Manufacturing,REP018
ACC0253,Santana-Byrd,Government,REP049
ACC0254,Jones LLC,Financial Services,REP026
ACC0255,"Evans, Hayden and Vaughn",Financial Services,REP022
ACC0256,Bruce-Gonzalez,Media & Entertainment,REP049
ACC0257,Castaneda-Rodriguez,Media & Entertainment,REP034
ACC0258,Armstrong-Andrews,Technology,REP001
ACC0259,"Phillips, Spence and Barrett",Technology,REP006
ACC0260,Smith-Grimes,Retail,REP005
ACC0261,"Beltran, Lozano and Mcgee",Government,REP038
ACC0262,Parsons-Hall,Energy,REP023
ACC0263,Robinson-Lee,Manufacturing,REP037
ACC0264,Byrd-Le,Manufacturing,REP019
ACC0265,"Becker, Taylor and Davis",Technology,REP014
ACC0266,"Lucas, Parker and Alexander",Technology,REP001
ACC0267,"Diaz, Anderson and Browning",Energy,REP013
ACC0268,Burgess-Thompson,Technology,REP001
ACC0269,Buchanan LLC,Retail,REP032
ACC0270,"Shaw, Nelson and Martin",Technology,REP031
ACC0271,Coffey-Phillips,Technology,REP026
ACC0272,Brock-Mcdonald,Healthcare,REP003
ACC0273,Taylor and Sons,Healthcare,REP012
ACC0274,"Ramsey, Whitney and Coffey",Manufacturing,REP044
ACC0275,"Diaz, Gibbs and Smith",Healthcare,REP030
ACC0276,"Martinez, Richardson and Curry",Manufacturing,REP017
ACC0277,Richards-Carson,Technology,REP047
ACC0278,Rodriguez-Hall,Financial Services,REP037
ACC0279,Harvey PLC,Retail,REP002
ACC0280,Herman-Walker,Manufacturing,REP039
ACC0281,Reid Group,Technology,REP034
ACC0282,"Turner, Ortiz and Taylor",Financial Services,REP034
ACC0283,Torres Group,Retail,REP015
ACC0284,Davis PLC,Financial Services,REP034
ACC0285,Price LLC,Financial Services,REP038
ACC0286,"Avery, Horton and Fernandez",Healthcare,REP015
ACC0287,"Newton, Moore and Perry",Financial Services,REP042
ACC0288,Bass PLC,Media & Entertainment,REP005
ACC0289,Crosby-Ramirez,Manufacturing,REP010
ACC0290,"Wood, Ramos and Sampson",Energy,REP010
ACC0291,Garcia-Jennings,Manufacturing,REP020
ACC0292,"Winters, Newman and Brown",Healthcare,REP034
ACC0293,Lopez-Martinez,Retail,REP002
ACC0294,Davis-Lewis,Financial Services,REP043
ACC0295,"Harper, Smith and Buchanan",Healthcare,REP011
ACC0296,Zhang PLC,Technology,REP023
ACC0297,Jones PLC,Technology,REP031
ACC0298,Willis and Sons,Financial Services,REP016
ACC0299,Schroeder-Kramer,Retail,REP040
ACC0300,"Smith, Garrison and Thomas",Retail,REP025
ACC0301,Fernandez and Sons,Media & Entertainment,REP003
ACC0302,Guerrero Inc,Healthcare,REP032
ACC0303,Smith and Sons,Technology,REP019
ACC0304,"Morris, Thompson and Williams",Media & Entertainment,REP018
ACC0305,"Fisher, Wilson and Brown",Financial Services,REP022
ACC0306,Strickland-Palmer,Technology,REP001
ACC0307,Hayes and Sons,Healthcare,REP012
ACC0308,"Williams, Logan and Camacho",Technology,REP034
ACC0309,"Turner, Schneider and Johnson",Technology,REP026
ACC0310,Boone-Simmons,Retail,REP009
ACC0311,Henry Group,Technology,REP047
ACC0312,Lam LLC,Retail,REP047
ACC0313,"Hernandez, Martinez and Weber",Healthcare,REP043
ACC0314,"Kelley, Nguyen and Vang",Energy,REP017
ACC0315,"Phillips, Wagner and Jordan",Financial Services,REP001
ACC0316,"Wilson, Pena and Rich",Technology,REP035
ACC0317,"Le, Lewis and Hayes",Technology,REP015
ACC0318,Gutierrez Group,Healthcare,REP022
ACC0319,Perry-Davis,Technology,REP028
ACC0320,Edwards-Scott,Financial Services,REP024
ACC0321,Mcdaniel Group,Manufacturing,REP026
ACC0322,Davis Inc,Technology,REP007
ACC0323,Reynolds Ltd,Retail,REP023
ACC0324,"Watson, Anderson and Brown",Healthcare,REP047
ACC0325,"Hoffman, Santiago and Jenkins",Technology,REP018
ACC0326,"Pugh, Henderson and Moon",Financial Services,REP035
ACC0327,Schmitt PLC,Financial Services,REP025
ACC0328,Bell-Lane,Manufacturing,REP028
ACC0329,Moore Group,Technology,REP017
ACC0330,Boone LLC,Technology,REP026
ACC0331,"Richardson, Farmer and Andrews",Healthcare,REP025
ACC0332,Bruce-Villegas,Media & Entertainment,REP020
ACC0333,"Austin, Day and Johnson",Healthcare,REP010
ACC0334,"Gallegos, Adams and White",Manufacturing,REP045
ACC0335,"Farmer, Dorsey and Bell",Healthcare,REP036
ACC0336,Kane PLC,Healthcare,REP034
ACC0337,"Morales, Thomas and Schultz",Healthcare,REP040
ACC0338,Davis PLC 2,Financial Services,REP019
ACC0339,Bennett Group,Financial Services,REP037
ACC0340,Moore-Collins,Financial Services,REP026
ACC0341,Frank-Bradley,Retail,REP045
ACC0342,Ware and Sons,Financial Services,REP033
ACC0343,Webster Inc,Technology,REP021
ACC0344,"Miller, Ramos and Coleman",Technology,REP048
ACC0345,"Ramos, Nelson and Fischer",Technology,REP011
ACC0346,Reed Inc,Technology,REP030
ACC0347,Gregory-Watkins,Technology,REP009
ACC0348,"Estrada, Williams and Foster",Technology,REP031
ACC0349,"Brown, Harris and Dougherty",Financial Services,REP036
ACC0350,Duran LLC,Government,REP006
ACC0351,Wilson-Jimenez,Financial Services,REP028
ACC0352,Thompson-James,Energy,REP015
ACC0353,"Hall, Hansen and Barnett",Manufacturing,REP049
ACC0354,Jones-Hensley,Healthcare,REP038
ACC0355,Graham Group,Retail,REP002
ACC0356,Atkins PLC,Healthcare,REP008
ACC0357,Berry-Mckinney,Healthcare,REP045
ACC0358,Roberts-Sullivan,Manufacturing,REP006
ACC0359,Jackson-Meza,Government,REP004
ACC0360,Collier-Gillespie,Financial Services,REP033
ACC0361,Kim Inc,Manufacturing,REP012
ACC0362,Graham Group 2,Technology,REP026
ACC0363,"Miller, Harrell and Reese",Manufacturing,REP038
ACC0364,Cook and Sons,Healthcare,REP011
ACC0365,Dixon Inc,Energy,REP013
ACC0366,"Hicks, Bullock and Bailey",Healthcare,REP033
ACC0367,"Mullen, Brewer and Hernandez",Financial Services,REP010
ACC0368,Thomas and Sons,Healthcare,REP010
ACC0369,Morrison Ltd,Government,REP013
ACC0370,Thompson Ltd,Retail,REP020
ACC0371,Marshall-Elliott,Financial Services,REP037
ACC0372,"Cole, Glass and Cunningham",Technology,REP009
ACC0373,"Downs, Morris and Maddox",Healthcare,REP024
ACC0374,Hernandez-Jones,Retail,REP035
ACC0375,Welch-Hogan,Financial Services,REP049
ACC0376,"Brown, Romero and Collins",Media & Entertainment,REP044
ACC0377,Johnson-Wood,Financial Services,REP011
ACC0378,Jones-Lin,Energy,REP012
ACC0379,Gilbert PLC,Financial Services,REP001
ACC0380,Ford-Spencer,Manufacturing,REP022
ACC0381,"Huang, Cole and Pacheco",Technology,REP029
ACC0382,"Lopez, Jacobs and Mason",Technology,REP041
ACC0383,Hayes LLC,Manufacturing,REP030
ACC0384,"Miller, Lucas and Williams",Media & Entertainment,REP037
ACC0385,"Kim, Gonzales and Mills",Manufacturing,REP014
ACC0386,Cox LLC,Healthcare,REP004
ACC0387,Ortiz-Morgan,Financial Services,REP042
ACC0388,"Williams, Mccoy and Cook",Financial Services,REP040
ACC0389,Davis-Gregory,Healthcare,REP040
ACC0390,King-York,Financial Services,REP038
ACC0391,"Marks, Cook and Aguilar",Healthcare,REP015
ACC0392,Rangel LLC,Healthcare,REP017
ACC0393,"Hale, Myers and Larson",Media & Entertainment,REP002
ACC0394,Collins Group,Healthcare,REP040
ACC0395,"Conner, Li and Santiago",Technology,REP039
ACC0396,"Osborn, Gaines and Davis",Technology,REP006
ACC0397,"Henderson, Cox and Cox",Financial Services,REP008
ACC0398,Bean LLC,Retail,REP015
ACC0399,Lee-Cooke,Media & Entertainment,REP033
ACC0400,Jones Inc 3,Healthcare,REP039
ACC0401,"Wise, Conley and Stephenson",Healthcare,REP029
ACC0402,Stanley PLC,Technology,REP033
ACC0403,Harper and Sons,Retail,REP027
ACC0404,White Ltd,Manufacturing,REP004
ACC0405,"Lamb, Martin and Kim",Healthcare,REP010
ACC0406,Diaz-Ball,Healthcare,REP010
ACC0407,Bishop-Goodwin,Financial Services,REP038
ACC0408,Young-Allen,Healthcare,REP047
ACC0409,Mckee-Lee,Media & Entertainment,REP024
ACC0410,"Valentine, Joyce and Murray",Retail,REP015
ACC0411,Strickland-Shaw,Manufacturing,REP005
ACC0412,Burch-Montoya,Healthcare,REP004
ACC0413,"Taylor, Wright and Davidson",Manufacturing,REP002
ACC0414,Spencer-Garcia,Technology,REP036
ACC0415,"Rosales, Mitchell and Hines",Healthcare,REP043
ACC0416,Cole-Palmer,Healthcare,REP020
ACC0417,Davis-Lozano,Technology,REP010
ACC0418,Wilkerson-Arias,Financial Services,REP006
ACC0419,Brown-Shaw,Financial Services,REP047
ACC0420,Hughes Inc,Financial Services,REP043
ACC0421,Walker-Flores,Technology,REP013
ACC0422,Combs Ltd,Technology,REP018
ACC0423,Moody-Taylor,Retail,REP047
ACC0424,Lowery-Kennedy,Manufacturing,REP043
ACC0425,Blake Group,Energy,REP036
ACC0426,Gilbert-Bullock,Energy,REP005
ACC0427,Scott and Sons,Energy,REP008
ACC0428,"Bentley, Lynch and Henderson",Retail,REP049
ACC0429,Young-Martinez,Healthcare,REP009
ACC0430,Barnes PLC,Financial Services,REP029
ACC0431,Brown-Copeland,Technology,REP041
ACC0432,Carlson-Smith,Energy,REP023
ACC0433,"Andrews, Higgins and Carter",Technology,REP037
ACC0434,Mendez and Sons,Government,REP046
ACC0435,"Butler, Beck and Miller",Technology,REP023
ACC0436,Jones-Fox,Energy,REP040
ACC0437,"Hartman, Romero and Smith",Retail,REP047
ACC0438,Williams-Hughes,Technology,REP009
ACC0439,King-Smith,Technology,REP026
ACC0440,Cooper Ltd,Financial Services,REP025
ACC0441,"Fuller, Ingram and Moss",Media & Entertainment,REP038
ACC0442,Anderson-Bell,Financial Services,REP018
ACC0443,Li-Thompson,Healthcare,REP027
ACC0444,"Marshall, Dominguez and Welch",Healthcare,REP043
ACC0445,Brown Group,Technology,REP024
ACC0446,Carter Inc,Healthcare,REP006
ACC0447,Blackwell LLC,Technology,REP033
ACC0448,Robertson-Hays,Financial Services,REP043
ACC0449,"Kennedy, Johnson and Lucas",Retail,REP028
ACC0450,Kelly-Norman,Technology,REP049
ACC0451,"Rivera, Martinez and Richardson",Technology,REP020
ACC0452,Paul-Kline,Healthcare,REP020
ACC0453,Morgan-Lopez,Financial Services,REP028
ACC0454,"Jimenez, Glass and Stone",Healthcare,REP040
ACC0455,Acosta Inc,Healthcare,REP001
ACC0456,Morrison-Short,Financial Services,REP030
ACC0457,"Carter, Garcia and Murphy",Manufacturing,REP019
ACC0458,Parker-Morrison,Financial Services,REP030
ACC0459,Jackson-Wallace,Technology,REP045
ACC0460,Williams-Berg,Financial Services,REP016
ACC0461,Mendez-Graham,Healthcare,REP018
ACC0462,"Whitney, Gould and Jones",Financial Services,REP047
ACC0463,"Sullivan, Palmer and Brady",Healthcare,REP028
ACC0464,Cisneros and Sons,Healthcare,REP030
ACC0465,"Gregory, Kim and Martinez",Healthcare,REP004
ACC0466,Osborne LLC,Technology,REP029
ACC0467,Reyes-Bradley,Technology,REP003
ACC0468,"Hernandez, Cole and Watson",Financial Services,REP010
ACC0469,Hines-Berry,Media & Entertainment,REP034
ACC0470,"Richardson, Edwards and Ramirez",Financial Services,REP023
ACC0471,Johnson and Sons,Government,REP032
ACC0472,Holmes-Mcintyre,Retail,REP029
ACC0473,Green LLC,Financial Services,REP003
ACC0474,"Griffin, Davies and Mitchell",Technology,REP008
ACC0475,Gonzalez-Taylor,Technology,REP047
ACC0476,Hayes Ltd,Healthcare,REP033
ACC0477,Osborn-Cochran,Healthcare,REP008
ACC0478,Contreras-Mckinney,Technology,REP032
ACC0479,"Daniels, Vance and York",Government,REP032
ACC0480,"Mckinney, Graves and Thompson",Media & Entertainment,REP043
ACC0481,Hicks-Martinez,Government,REP037
ACC0482,Conner and Sons,Technology,REP014
ACC0483,Johnson-Spencer,Financial Services,REP048
ACC0484,Mcdonald-Bird,Technology,REP010
ACC0485,Salazar Inc,Technology,REP023
ACC0486,Parker Ltd,Media & Entertainment,REP048
ACC0487,"Mendoza, Jenkins and Ortiz",Technology,REP036
ACC0488,"Jones, Compton and Day",Retail,REP018
ACC0489,Owens-Holmes,Media & Entertainment,REP047
ACC0490,Humphrey PLC,Retail,REP011
ACC0491,"Matthews, Saunders and Anderson",Financial Services,REP002
ACC0492,"Bartlett, Brown and Martinez",Financial Services,REP012
ACC0493,Torres and Sons,Media & Entertainment,REP037
ACC0494,Donovan-Perez,Financial Services,REP030
ACC0495,"Jacobson, Singleton and King",Financial Services,REP044
ACC0496,"Huber, Hill and Weber",Technology,REP022
ACC0497,"Ferguson, Shaw and Jackson",Manufacturing,REP017
ACC0498,"Moore, Hopkins and Le",Media & Entertainment,REP046
ACC0499,"Morgan, Bradshaw and Williams",Healthcare,REP032
ACC0500,Miller Ltd 2,Financial Services,REP017
ACC0501,"Baker, Clark and Armstrong",Financial Services,REP040
ACC0502,"Fowler, Jimenez and Burton",Retail,REP025
ACC0503,May-Turner,Financial Services,REP022
ACC0504,Ballard Ltd,Media & Entertainment,REP004
ACC0505,Evans-Jones,Technology,REP029
ACC0506,Moore Group 2,Technology,REP023
ACC0507,Marshall-Peterson,Retail,REP006
ACC0508,Edwards Ltd,Energy,REP021
ACC0509,Gross-Valencia,Manufacturing,REP041
ACC0510,Anderson-Wood,Financial Services,REP017
ACC0511,"Rodriguez, Allen and Martinez",Financial Services,REP038
ACC0512,Wright-Davis,Media & Entertainment,REP023
ACC0513,Dougherty-Lin,Technology,REP022
ACC0514,Wright-Grimes,Technology,REP031
ACC0515,Li PLC,Media & Entertainment,REP040
ACC0516,"Edwards, Hines and Jimenez",Financial Services,REP045
ACC0517,"Owens, Koch and Jimenez",Retail,REP007
ACC0518,Landry PLC,Healthcare,REP017
ACC0519,Levy-Lewis,Financial Services,REP028
ACC0520,Williams-Campbell,Manufacturing,REP046
ACC0521,"Khan, Pena and Ruiz",Technology,REP043
ACC0522,"Smith, Rodriguez and Anderson",Technology,REP036
ACC0523,Luna-Gallagher,Manufacturing,REP029
ACC0524,Williams-Williams,Financial Services,REP040
ACC0525,"Lee, Tran and Jones",Financial Services,REP036
ACC0526,"Cole, Pierce and Bryan",Retail,REP039
ACC0527,"Becker, Wilson and Hester",Retail,REP034
ACC0528,Brooks-Hatfield,Financial Services,REP024
ACC0529,"Mcmillan, Fischer and Gonzalez",Energy,REP005
ACC0530,"Morales, Williams and Williams",Healthcare,REP036
ACC0531,"Cook, Wells and Bryant",Healthcare,REP019
ACC0532,"Barry, Taylor and Velazquez",Healthcare,REP043
ACC0533,Martin-Ewing,Media & Entertainment,REP045
ACC0534,"Kirby, Wheeler and Romero",Technology,REP009
ACC0535,"Patel, Erickson and Evans",Manufacturing,REP009
ACC0536,Richardson Ltd,Technology,REP017
ACC0537,Whitney PLC,Financial Services,REP043
ACC0538,Robles-Swanson,Healthcare,REP025
ACC0539,"Soto, Carlson and Baker",Technology,REP003
ACC0540,"Patton, Parsons and Lane",Technology,REP044
ACC0541,"Williams, Castillo and Warren",Retail,REP030
ACC0542,"Harvey, Randall and Hernandez",Technology,REP012
ACC0543,"Allen, Armstrong and Graves",Financial Services,REP044
ACC0544,Smith LLC,Manufacturing,REP049
ACC0545,Hernandez-Vaughn,Technology,REP010
ACC0546,Shaw-Carr,Retail,REP049
ACC0547,Salas-Fitzgerald,Technology,REP016
ACC0548,Thornton PLC,Media & Entertainment,REP008
ACC0549,Hoffman Ltd,Retail,REP017
ACC0550,Fox-Edwards,Retail,REP016
ACC0551,Stevens PLC,Media & Entertainment,REP025
ACC0552,Payne-Lowe,Energy,REP012
ACC0553,"Becker, Lara and Baker",Technology,REP026
ACC0554,Lee-Wright,Technology,REP026
ACC0555,"Evans, David and Hendrix",Technology,REP010
ACC0556,Bush-Vaughn,Healthcare,REP017
ACC0557,Stewart-Bailey,Technology,REP021
ACC0558,"Hill, Martinez and Rhodes",Healthcare,REP007
ACC0559,Huang-Foster,Technology,REP007
ACC0560,Blevins-Ballard,Financial Services,REP048
ACC0561,Williams-Moses,Technology,REP023
ACC0562,Reed Group 2,Manufacturing,REP031
ACC0563,"Scott, Mendoza and Harris",Media & Entertainment,REP039
ACC0564,"Nelson, Hoffman and Nelson",Healthcare,REP042
ACC0565,Gilbert PLC 2,Retail,REP014
ACC0566,Sanchez Ltd,Healthcare,REP035
ACC0567,"Perez, Hall and Garcia",Healthcare,REP045
ACC0568,Love-Garcia,Technology,REP037
ACC0569,Smith PLC 2,Healthcare,REP026
ACC0570,Russell Group 2,Manufacturing,REP044
ACC0571,Santos-Avila,Healthcare,REP049
ACC0572,Morris-Brewer,Healthcare,REP022
ACC0573,Pearson and Sons,Financial Services,REP018
ACC0574,"Rodgers, Jefferson and Johnson",Healthcare,REP045
ACC0575,Butler and Sons,Retail,REP002
ACC0576,Osborn Group,Technology,REP042
ACC0577,Lopez-Curry,Government,REP013
ACC0578,Mcdowell-Smith,Healthcare,REP032
ACC0579,"Morrison, Hebert and Rogers",Energy,REP039
ACC0580,Hays-Daniels,Technology,REP029
ACC0581,Small-Anderson,Manufacturing,REP029
ACC0582,"Mcdonald, Lee and Rodriguez",Technology,REP044
ACC0583,Simon Ltd,Retail,REP044
ACC0584,Higgins-Smith,Government,REP010
ACC0585,Gibbs-Bradley,Technology,REP039
ACC0586,Thompson Ltd 2,Healthcare,REP001
ACC0587,Wilcox-Robertson,Technology,REP003
ACC0588,Morales Inc,Healthcare,REP030
ACC0589,Holden Group,Media & Entertainment,REP018
ACC0590,Boyle-Smith,Technology,REP025
ACC0591,Young-Molina,Financial Services,REP046
ACC0592,Turner-Sharp,Technology,REP015
ACC0593,Green LLC 2,Financial Services,REP024
ACC0594,"Young, Contreras and Marshall",Technology,REP037
ACC0595,Sullivan PLC,Manufacturing,REP043
ACC0596,"Carrillo, Vaughn and Fowler",Healthcare,REP039
ACC0597,Richardson-Walker,Media & Entertainment,REP046
ACC0598,Mendoza Group,Retail,REP013
ACC0599,"Zhang, Brooks and Miles",Government,REP007
ACC0600,Todd-Pham,Government,REP008
ACC0601,Gill Ltd,Energy,REP045
ACC0602,"Marks, Miller and Griffin",Technology,REP043
ACC0603,"Cox, Stark and Rodriguez",Technology,REP026
ACC0604,"Leach, Harris and Herrera",Technology,REP003
ACC0605,Murphy PLC,Media & Entertainment,REP005
ACC0606,Wilson-Harris,Technology,REP047
ACC0607,"Burns, Nolan and Griffin",Technology,REP009
ACC0608,Chavez PLC,Energy,REP049
ACC0609,Bryant-Brown,Technology,REP042
ACC0610,Chambers-Parker,Healthcare,REP018
ACC0611,Foster Inc,Retail,REP024
ACC0612,"Robinson, Jones and Henderson",Media & Entertainment,REP035
ACC0613,"Brown, Mcknight and Michael",Technology,REP047
ACC0614,Andersen Group,Technology,REP004
ACC0615,Mitchell and Sons,Healthcare,REP034
ACC0616,Cannon Ltd,Healthcare,REP003
ACC0617,"Stuart, Brooks and Vance",Financial Services,REP029
ACC0618,Kane-Knox,Media & Entertainment,REP025
ACC0619,Miller-Brandt,Media & Entertainment,REP042
ACC0620,"Anderson, Dalton and Wilson",Manufacturing,REP040
ACC0621,"Long, Anderson and Irwin",Energy,REP011
ACC0622,Avila LLC,Technology,REP024
ACC0623,Nunez-Stephens,Financial Services,REP038
ACC0624,"Gray, Hall and Murray",Financial Services,REP005
ACC0625,Hill Ltd,Technology,REP018
ACC0626,Johnson Ltd,Technology,REP048
ACC0627,Mendez-Mayer,Retail,REP005
ACC0628,Allen Inc,Government,REP050
ACC0629,Wheeler Group,Healthcare,REP032
ACC0630,"Powers, Brennan and Sanchez",Healthcare,REP003
ACC0631,Morales and Sons,Financial Services,REP034
ACC0632,"Robinson, Shields and Brown",Healthcare,REP013
ACC0633,"Holder, Young and Hendricks",Financial Services,REP006
ACC0634,"Flores, Harper and Chambers",Healthcare,REP016
ACC0635,Young-Walter,Retail,REP033
ACC0636,"Boyd, Gutierrez and Hill",Technology,REP048
ACC0637,"Fry, Hobbs and Buck",Retail,REP043
ACC0638,"Shelton, Peters and Williams",Technology,REP042
ACC0639,David-Powers,Technology,REP027
ACC0640,"Flores, Butler and Hernandez",Manufacturing,REP007
ACC0641,White-Medina,Media & Entertainment,REP045
ACC0642,Atkinson LLC,Media & Entertainment,REP031
ACC0643,"Thomas, Ford and Brown",Media & Entertainment,REP010
ACC0644,Faulkner-Grant,Manufacturing,REP030
ACC0645,Price LLC 2,Energy,REP018
ACC0646,Rivera Inc,Manufacturing,REP014
ACC0647,Boone-Davis,Manufacturing,REP012
ACC0648,"Calderon, Williams and Bennett",Technology,REP032
ACC0649,"Morrison, Russo and Lopez",Technology,REP027
ACC0650,"Ramsey, Hansen and Mendoza",Government,REP017
ACC0651,Turner-Stout,Technology,REP034
ACC0652,Giles Ltd,Retail,REP024
ACC0653,Burgess Group,Manufacturing,REP048
ACC0654,Dominguez Ltd,Technology,REP030
ACC0655,Sanders and Sons,Technology,REP041
ACC0656,"Morris, Campbell and Owens",Government,REP028
ACC0657,"Howard, Green and Hunt",Retail,REP030
ACC0658,Owens-Lang,Manufacturing,REP022
ACC0659,"Harrison, Franco and Rocha",Energy,REP032
ACC0660,Edwards-Williams,Manufacturing,REP004
ACC0661,Figueroa Inc,Financial Services,REP017
ACC0662,Tran-Silva,Manufacturing,REP017
ACC0663,"Butler, Hernandez and Rivera",Healthcare,REP001
ACC0664,Hudson-Sanchez,Technology,REP018
ACC0665,"Pena, Cohen and Scott",Media & Entertainment,REP047
ACC0666,Levy-May,Government,REP036
ACC0667,Murray-Oconnor,Retail,REP012
ACC0668,Jackson-Cortez,Technology,REP011
ACC0669,White-Preston,Media & Entertainment,REP047
ACC0670,"Bernard, Warren and Combs",Healthcare,REP011
ACC0671,Landry Ltd,Retail,REP026
ACC0672,Duran Group,Technology,REP034
ACC0673,Kirby and Sons,Government,REP017
ACC0674,Mann Inc,Technology,REP041
ACC0675,Wagner LLC,Technology,REP029
ACC0676,Williamson Ltd,Retail,REP032
ACC0677,"Durham, Hopkins and Smith",Technology,REP014
ACC0678,"Arnold, Smith and Moreno",Technology,REP011
ACC0679,Nichols-Mitchell,Financial Services,REP017
ACC0680,"Li, Craig and Drake",Government,REP028
ACC0681,Rodriguez Inc,Manufacturing,REP047
ACC0682,"Hernandez, Lee and Fox",Financial Services,REP020
ACC0683,Adams-Sanders,Financial Services,REP005
ACC0684,Chung-Stevens,Government,REP001
ACC0685,Branch and Sons,Financial Services,REP038
ACC0686,Sutton-Abbott,Technology,REP035
ACC0687,"Frey, Santos and Johnson",Technology,REP025
ACC0688,Gray-Tran,Retail,REP018
ACC0689,Walsh Ltd,Media & Entertainment,REP016
ACC0690,Miller Group,Healthcare,REP046
ACC0691,"Mueller, Knight and Hodge",Technology,REP029
ACC0692,Jacobson Inc,Manufacturing,REP015
ACC0693,Lewis Ltd,Healthcare,REP050
ACC0694,"Alvarez, Williams and Jones",Manufacturing,REP003
ACC0695,Lam-Elliott,Manufacturing,REP044
ACC0696,White LLC,Technology,REP003
ACC0697,Ali PLC,Technology,REP015
ACC0698,Goodwin Ltd,Healthcare,REP014
ACC0699,Hickman-Evans,Healthcare,REP044
ACC0700,"Allen, Davenport and Price",Technology,REP009
ACC0701,"Rivera, Campos and Taylor",Technology,REP022
ACC0702,"Ramsey, Mason and Mccann",Healthcare,REP002
ACC0703,Davis and Sons 2,Manufacturing,REP011
ACC0704,Peterson PLC,Government,REP017
ACC0705,"Sanders, Ayala and Johnson",Technology,REP018
ACC0706,Bowers-Hayes,Retail,REP018
ACC0707,Kelly Group,Healthcare,REP031
ACC0708,Lopez-Willis,Manufacturing,REP011
ACC0709,Miller-Montgomery,Retail,REP033
ACC0710,Marquez Inc,Energy,REP041
ACC0711,Moore-Dawson,Technology,REP022
ACC0712,"Moore, Price and Ward",Manufacturing,REP041
ACC0713,Smith LLC 2,Technology,REP046
ACC0714,Ward-Nelson,Technology,REP016
ACC0715,Miller Group 2,Healthcare,REP028
ACC0716,Hawkins-Hunt,Retail,REP010
ACC0717,Johnson LLC,Manufacturing,REP050
ACC0718,"Davis, George and Nguyen",Financial Services,REP002
ACC0719,Smith-Gutierrez,Healthcare,REP041
ACC0720,Hardy PLC,Financial Services,REP033
ACC0721,Armstrong and Sons,Media & Entertainment,REP026
ACC0722,"James, Taylor and Turner",Financial Services,REP002
ACC0723,Thomas-Jackson,Government,REP026
ACC0724,Fisher-Washington,Retail,REP050
ACC0725,Ward and Sons,Media & Entertainment,REP042
ACC0726,"Weber, Wheeler and Gonzalez",Technology,REP049
ACC0727,Taylor Inc,Energy,REP003
ACC0728,Cook-Oliver,Media & Entertainment,REP009
ACC0729,Alexander-Jordan,Energy,REP039
ACC0730,"Mccann, Taylor and Flores",Retail,REP041
ACC0731,"Harris, Edwards and Oconnell",Retail,REP008
ACC0732,Carter-Neal,Energy,REP028
ACC0733,Faulkner-Casey,Manufacturing,REP047
ACC0734,Bennett-Velasquez,Manufacturing,REP007
ACC0735,Diaz-Frederick,Retail,REP016
ACC0736,Vargas PLC,Healthcare,REP022
ACC0737,Maldonado PLC,Healthcare,REP003
ACC0738,Benton Group,Technology,REP042
ACC0739,"Clark, Salinas and Guerra",Financial Services,REP018
ACC0740,Fuentes Group,Technology,REP023
ACC0741,"Porter, Schultz and Allen",Retail,REP025
ACC0742,"Moore, Henderson and Bennett",Media & Entertainment,REP019
ACC0743,Ewing-Mendoza,Government,REP036
ACC0744,Ferguson-Mclean,Manufacturing,REP029
ACC0745,"Barnes, Johnson and Schmitt",Manufacturing,REP032
ACC0746,"Woodard, Herrera and Little",Healthcare,REP018
ACC0747,Rodriguez and Sons,Technology,REP019
ACC0748,"Ortega, Jackson and Salazar",Technology,REP032
ACC0749,"Terrell, Byrd and Ross",Healthcare,REP003
ACC0750,Sheppard-Jordan,Technology,REP035
ACC0751,Garcia and Sons,Technology,REP015
ACC0752,"Burgess, Grant and Watts",Financial Services,REP012
ACC0753,Griffin Group,Technology,REP021
ACC0754,Barton-Chapman,Manufacturing,REP024
ACC0755,"Hernandez, Cuevas and Webb",Financial Services,REP004
ACC0756,Perry-Nixon,Manufacturing,REP020
ACC0757,Guerra Ltd,Healthcare,REP050
ACC0758,Bailey LLC,Media & Entertainment,REP032
ACC0759,Mueller-Boyd,Healthcare,REP034
ACC0760,Alvarez-Kim,Healthcare,REP002
ACC0761,"Chavez, Jones and Williams",Healthcare,REP036
ACC0762,"Wilson, Sweeney and Wong",Financial Services,REP042
ACC0763,"Marsh, Spears and Yang",Government,REP012
ACC0764,"Thompson, Moore and Castro",Financial Services,REP018
ACC0765,Hall-Sullivan,Retail,REP015
ACC0766,Lopez Ltd,Technology,REP026
ACC0767,Foster-Mclaughlin,Retail,REP048
ACC0768,Cole Group,Retail,REP042
ACC0769,Smith-Lewis,Technology,REP014
ACC0770,Goodwin-Stokes,Healthcare,REP037
ACC0771,Ray PLC,Media & Entertainment,REP045
ACC0772,Diaz and Sons,Financial Services,REP047
ACC0773,Wilson-Lambert,Healthcare,REP039
ACC0774,Rose-Fowler,Financial Services,REP002
ACC0775,"Price, Long and Wilson",Technology,REP017
ACC0776,Bruce-Williamson,Financial Services,REP028
ACC0777,"Mccarthy, Evans and Mendez",Financial Services,REP037
ACC0778,Powers LLC,Technology,REP001
ACC0779,Allen Inc 2,Manufacturing,REP036
ACC0780,Brooks and Sons,Government,REP047
ACC0781,"Price, Carlson and Andrews",Technology,REP010
ACC0782,Lopez-Reid,Technology,REP014
ACC0783,"Ellison, Arias and Thompson",Financial Services,REP029
ACC0784,Burns and Sons,Financial Services,REP030
ACC0785,Edwards Group,Technology,REP005
ACC0786,"Brown, Howard and Smith",Technology,REP043
ACC0787,Lee Group,Energy,REP020
ACC0788,"Wagner, Simpson and Cohen",Financial Services,REP043
ACC0789,Mckinney-Wallace,Manufacturing,REP037
ACC0790,Miller Inc,Healthcare,REP049
ACC0791,Carter LLC,Media & Entertainment,REP044
ACC0792,Medina and Sons,Financial Services,REP047
ACC0793,Cunningham-Barton,Media & Entertainment,REP044
ACC0794,Dunn-Wilson,Healthcare,REP020
ACC0795,Adams PLC,Financial Services,REP002
ACC0796,Weaver-Sherman,Technology,REP037
ACC0797,"Alexander, Robinson and Coleman",Energy,REP029
ACC0798,"Greer, Potter and Evans",Retail,REP035
ACC0799,Cole LLC,Healthcare,REP005
ACC0800,Gonzales Inc,Technology,REP014
ACC0801,Clark Ltd,Retail,REP020
ACC0802,"Norris, Callahan and Bishop",Government,REP024
ACC0803,Martin-Taylor,Retail,REP034
ACC0804,Li Inc,Financial Services,REP029
ACC0805,"Bell, Campbell and Ryan",Media & Entertainment,REP031
ACC0806,Werner-Carter,Financial Services,REP043
ACC0807,"Adams, Hodge and Duke",Healthcare,REP044
ACC0808,"Ochoa, Taylor and Brady",Healthcare,REP023
ACC0809,Sellers-Riddle,Technology,REP045
ACC0810,"Martinez, Cline and Wright",Technology,REP050
ACC0811,"Morris, Wright and Bridges",Technology,REP008
ACC0812,Burns-Ray,Government,REP001
ACC0813,Burton-Brooks,Manufacturing,REP029
ACC0814,Schultz Inc,Financial Services,REP005
ACC0815,Robertson-Ramirez,Government,REP047
ACC0816,Gibson-Freeman,Retail,REP026
ACC0817,"Smith, Schroeder and Oconnor",Financial Services,REP030
ACC0818,"Stanton, Reid and Terry",Healthcare,REP017
ACC0819,Flynn Group,Media & Entertainment,REP047
ACC0820,Donaldson and Sons,Healthcare,REP012
ACC0821,Adams-Clayton,Technology,REP025
ACC0822,Kelley-Anderson,Retail,REP033
ACC0823,Kramer-Shannon,Retail,REP031
ACC0824,Williams Ltd,Retail,REP048
ACC0825,Smith-Noble,Retail,REP026
ACC0826,Alexander Inc,Financial Services,REP002
ACC0827,Harris-Barker,Government,REP006
ACC0828,Khan LLC,Financial Services,REP033
ACC0829,Baxter LLC,Financial Services,REP048
ACC0830,Pena LLC,Manufacturing,REP013
ACC0831,Watson Ltd,Financial Services,REP011
ACC0832,Williams Ltd 2,Media & Entertainment,REP038
ACC0833,Barber-Fischer,Financial Services,REP038
ACC0834,Rios-Padilla,Financial Services,REP034
ACC0835,Lewis Inc,Manufacturing,REP041
ACC0836,Wheeler PLC,Financial Services,REP045
ACC0837,"Wallace, Smith and Cooper",Manufacturing,REP024
ACC0838,Mcneil Group,Financial Services,REP007
ACC0839,"Anderson, Jones and Reyes",Technology,REP015
ACC0840,"Shaffer, Garcia and Richardson",Retail,REP007
ACC0841,Taylor-Ayala,Healthcare,REP019
ACC0842,May Ltd,Financial Services,REP025
ACC0843,Jones PLC 2,Healthcare,REP032
ACC0844,Bishop and Sons,Financial Services,REP044
ACC0845,Bell-Lewis,Technology,REP011
ACC0846,"Hernandez, Jenkins and Parks",Retail,REP046
ACC0847,Miller Inc 2,Retail,REP002
ACC0848,Goodwin PLC,Healthcare,REP003
ACC0849,"Cruz, Richmond and Edwards",Healthcare,REP008
ACC0850,Wright Ltd,Healthcare,REP006
ACC0851,Wright PLC,Energy,REP029
ACC0852,"Griffith, Mitchell and Pugh",Financial Services,REP012
ACC0853,Abbott Ltd,Technology,REP048
ACC0854,Harris-Lawson,Healthcare,REP044
ACC0855,Adkins LLC,Healthcare,REP043
ACC0856,"Brown, Hurst and Blevins",Manufacturing,REP006
ACC0857,Cruz-Allen,Manufacturing,REP044
ACC0858,"Wheeler, Rice and Levine",Energy,REP045
ACC0859,Peck-Anderson,Media & Entertainment,REP043
ACC0860,"Fisher, Payne and Thompson",Technology,REP047
ACC0861,Best-Townsend,Technology,REP015
ACC0862,Matthews Inc,Technology,REP011
ACC0863,Lewis-Livingston,Financial Services,REP004
ACC0864,Hunter-Fuller,Energy,REP022
ACC0865,"Wang, Henderson and Morales",Technology,REP014
ACC0866,"Herrera, Jensen and Ramirez",Healthcare,REP048
ACC0867,Miller-Mccall,Healthcare,REP046
ACC0868,Herrera Group,Financial Services,REP047
ACC0869,"Walters, Davenport and Becker",Healthcare,REP008
ACC0870,Collins Group 2,Financial Services,REP036
ACC0871,"Ashley, Allen and Sanchez",Retail,REP002
ACC0872,Wilson-Salazar,Financial Services,REP004
ACC0873,Parker Ltd 2,Media & Entertainment,REP030
ACC0874,"Yang, Wilson and Zimmerman",Technology,REP031
ACC0875,"Smith, Crawford and Reed",Media & Entertainment,REP039
ACC0876,"Logan, Le and Jackson",Healthcare,REP007
ACC0877,Brady LLC,Financial Services,REP049
ACC0878,"Tanner, Wise and Johnson",Healthcare,REP042
ACC0879,Nelson-Brown,Energy,REP020
ACC0880,"Proctor, Burton and Crawford",Healthcare,REP007
ACC0881,"Ward, Porter and Bradley",Manufacturing,REP044
ACC0882,Moore-Ayala,Technology,REP042
ACC0883,"Craig, Wilson and Yang",Technology,REP013
ACC0884,Williams Inc 2,Retail,REP021
ACC0885,Williams LLC,Media & Entertainment,REP009
ACC0886,Mora-White,Manufacturing,REP015
ACC0887,Tran Ltd,Retail,REP042
ACC0888,"Rios, Walker and Wright",Energy,REP016
ACC0889,"Flores, Mckenzie and Duncan",Healthcare,REP027
ACC0890,Shaw Inc,Manufacturing,REP050
ACC0891,Walker PLC,Manufacturing,REP036
ACC0892,Finley Inc,Financial Services,REP010
ACC0893,Cline-Ayala,Manufacturing,REP019
ACC0894,Murphy-Tran,Retail,REP033
ACC0895,Wood LLC,Financial Services,REP005
ACC0896,"Mueller, Stevenson and Sanchez",Technology,REP035
ACC0897,Vargas-Snyder,Media & Entertainment,REP033
ACC0898,Oconnor PLC,Technology,REP017
ACC0899,Hernandez Group,Technology,REP037
ACC0900,Hall LLC,Retail,REP028
ACC0901,"Franco, Wiley and Tapia",Technology,REP011
ACC0902,Blake Group 2,Technology,REP014
ACC0903,"Acosta, Garcia and Moreno",Retail,REP025
ACC0904,Barnes Inc,Government,REP035
ACC0905,Dawson Inc,Healthcare,REP018
ACC0906,Morse PLC,Financial Services,REP039
ACC0907,Haynes-Watson,Manufacturing,REP011
ACC0908,"Miller, Davis and Anderson",Government,REP046
ACC0909,Jones-Bradley,Technology,REP026
ACC0910,Bates-Anderson,Financial Services,REP032
ACC0911,Green-Edwards,Financial Services,REP046
ACC0912,Haynes-Moss,Financial Services,REP037
ACC0913,Chavez-Hall,Media & Entertainment,REP003
ACC0914,Taylor PLC,Financial Services,REP033
ACC0915,Moore and Sons,Technology,REP041
ACC0916,Owens-Russell,Retail,REP013
ACC0917,"Howard, Townsend and Hayes",Healthcare,REP002
ACC0918,Baker-Wilson,Retail,REP044
ACC0919,Aguirre LLC,Technology,REP021
ACC0920,"Terry, Williams and Huff",Financial Services,REP008
ACC0921,Hernandez-Dawson,Retail,REP044
ACC0922,Foster-Williams,Financial Services,REP003
ACC0923,Green-Ewing,Technology,REP002
ACC0924,Crane Group,Government,REP002
ACC0925,"Adkins, Wright and Murray",Financial Services,REP035
ACC0926,Martinez Inc,Manufacturing,REP030
ACC0927,Anderson Group,Financial Services,REP022
ACC0928,Parks-Pace,Healthcare,REP036
ACC0929,Aguilar LLC,Government,REP029
ACC0930,Johnson Inc,Retail,REP016
ACC0931,Orr Group,Financial Services,REP030
ACC0932,Davis LLC,Healthcare,REP016
ACC0933,Williams Group,Technology,REP016
ACC0934,Jackson PLC,Retail,REP020
ACC0935,Underwood-Foster,Healthcare,REP030
ACC0936,Reyes Group,Technology,REP028
ACC0937,Gomez and Sons,Government,REP005
ACC0938,Ramirez-Stephenson,Manufacturing,REP044
ACC0939,Mendez PLC,Technology,REP030
ACC0940,Holland Group,Healthcare,REP006
ACC0941,Andrade-Mendoza,Financial Services,REP008
ACC0942,Ramirez and Sons,Manufacturing,REP033
ACC0943,Gonzalez-Wilkerson,Retail,REP012
ACC0944,"Wright, Mcknight and Stephens",Manufacturing,REP034
ACC0945,Mayo Ltd,Technology,REP036
ACC0946,Castillo-Harrington,Financial Services,REP050
ACC0947,Durham-Shaw,Financial Services,REP041
ACC0948,Nelson-Johnson,Technology,REP027
ACC0949,"Robinson, Huang and Osborne",Technology,REP001
ACC0950,Stokes Group,Financial Services,REP023
ACC0951,"Howard, Silva and Hall",Energy,REP018
ACC0952,Garcia Ltd,Healthcare,REP035
ACC0953,Adams Ltd,Manufacturing,REP015
ACC0954,Gallagher and Sons,Government,REP037
ACC0955,"Bradford, Salinas and Kelly",Financial Services,REP012
ACC0956,Thompson PLC,Energy,REP042
ACC0957,Drake-Wolfe,Healthcare,REP045
ACC0958,"Johnson, Haynes and Meza",Financial Services,REP024
ACC0959,"Thomas, Vaughan and Copeland",Healthcare,REP014
ACC0960,Weaver-Thompson,Manufacturing,REP016
ACC0961,Davis and Sons 3,Technology,REP014
ACC0962,"Robinson, Fox and Smith",Technology,REP021
ACC0963,"Harris, Anderson and Love",Technology,REP027
ACC0964,Brown-Hernandez,Retail,REP018
ACC0965,"Stark, Schroeder and Mathis",Energy,REP018
ACC0966,Yu-Brooks,Retail,REP025
ACC0967,"Foster, Garcia and Turner",Healthcare,REP033
ACC0968,Daugherty Ltd,Energy,REP014
ACC0969,Conner-Yu,Technology,REP016
ACC0970,"Stewart, Mann and Hoffman",Manufacturing,REP003
ACC0971,"Buchanan, Walker and Chapman",Energy,REP006
ACC0972,Gray Ltd,Technology,REP034
ACC0973,"Phillips, Thompson and Smith",Technology,REP034
ACC0974,"Fry, Myers and Gamble",Healthcare,REP015
ACC0975,"Johnson, Guzman and Mccall",Government,REP012
ACC0976,"Walker, Cunningham and Zuniga",Government,REP032
ACC0977,Rivera Inc 2,Healthcare,REP031
ACC0978,Reed LLC,Healthcare,REP018
ACC0979,Fields Inc,Financial Services,REP006
ACC0980,"Santiago, Daniel and Rogers",Technology,REP043
ACC0981,Baker and Sons,Retail,REP023
ACC0982,"Jones, Scott and Rodriguez",Technology,REP005
ACC0983,Williams Group 2,Manufacturing,REP010
ACC0984,"Barnes, Jackson and Gutierrez",Technology,REP011
ACC0985,Bell-Bennett,Manufacturing,REP031
ACC0986,Kramer-Lane,Retail,REP009
ACC0987,"Perez, Hayes and Lloyd",Financial Services,REP009
ACC0988,Phillips LLC,Technology,REP009
ACC0989,Lynn-Jones,Manufacturing,REP046
ACC0990,Barron and Sons,Technology,REP016
ACC0991,"Jones, Mcmahon and Spence",Retail,REP033
ACC0992,Wheeler-Austin,Healthcare,REP039
ACC0993,Bush-Reynolds,Technology,REP037
ACC0994,"Martin, Preston and Moore",Retail,REP029
ACC0995,Rivera and Sons,Retail,REP038
ACC0996,Terry-Bowen,Financial Services,REP037
ACC0997,"Fernandez, Guerrero and Evans",Media & Entertainment,REP035
ACC0998,Williams PLC 2,Financial Services,REP028
ACC0999,"Larsen, Hernandez and Ward",Healthcare,REP007
ACC1000,Miller-Colon,Manufacturing,REP022
